,gene_name
0,Cdc45
1,H19
2,Scml2
3,Narf
4,Klf6
5,Ngfr
6,Igsf5
7,Pih1d2
8,Scnn1g
9,Tpd52l1
10,Pemt
11,Ckmt1
12,Alox12
13,Tbrg4
14,Mx1
15,Egfl6
16,Pparg
17,Grasp
18,Sox9
19,Polr3d
20,Txnrd3
21,Il4
22,Top1mt
23,Mmp14
24,S100a4
25,S100a6
26,N4bp3
27,Nhp2
28,Cfp
29,Gmcl1
30,Ocrl
31,Sema6b
32,Uhrf1
33,Ramp2
34,Hpn
35,Myg1
36,Efnb2
37,Rnd2
38,Sync
39,Fndc5
40,Ube2c
41,Col18a1
42,Tubb6
43,Meox1
44,Foxm1
45,Gtf2h4
46,Gstt1
47,Gstt3
48,Tat
49,Eef1e1
50,Smo
51,Pwp1
52,Capns1
53,Folr1
54,Zdhhc4
55,Ugp2
56,Slc1a5
57,Esam
58,Spa17
59,Emd
60,Taco1
61,Gria3
62,Sipa1l2
63,Srpk3
64,Pnck
65,Spag5
66,Foxn1
67,Unc119
68,Rab34
69,Ccne1
70,Bbc3
71,Rhoc
72,Dbf4
73,Cd320
74,Rec8
75,Gmpr2
76,2310045N01Rik
77,Rgs19
78,Rgs20
79,Abhd3
80,Slc9a3r2
81,Prkra
82,Fkbp7
83,Gnmt
84,Epdr1
85,Qtrt1
86,Chaf1a
87,Mcm2
88,Nab1
89,Cd97
90,Lamb1
91,Kcnn1
92,Arrdc2
93,Ppp1r17
94,Bcam
95,Apoe
96,Klf4
97,Elf3
98,Lipe
99,Bcl2l12
100,Zfp959
101,Mpnd
102,Ccdc94
103,Sult2b1
104,Car11
105,Btbd2
106,Ccdc65
107,Cd79a
108,Pih1d1
109,Crhr2
110,Prodh
111,Ier3
112,Fosb
113,Ercc1
114,Homer3
115,Rnf215
116,Rps6ka1
117,Kif20a
118,Gcdh
119,Syce2
120,Nqo1
121,Ruvbl2
122,Lin7b
123,Efnb3
124,Brinp2
125,Gstm5
126,Gstm7
127,Ptrf
128,Dnmt1
129,Angptl2
130,Etv1
131,Il11
132,Large
133,Bid
134,Chn2
135,Mtfp1
136,Pgf
137,Mapk13
138,Matk
139,Hspb1
140,Fxyd4
141,Slc2a9
142,4930550C14Rik
143,Fgfr4
144,Msh6
145,Mcm5
146,Hmox1
147,Asf1b
148,Tmod4
149,Mthfd2
150,Kit
151,Apoa2
152,Pard6a
153,Gata6
154,Trh
155,Ctns
156,Shpk
157,Ephb3
158,Tuft1
159,Rcn1
160,Dnase1
161,Ankrd13d
162,Kptn
163,Fblim1
164,Zbtb32
165,Crip2
166,Fbln1
167,Hyi
168,Cdc20
169,Pvrl4
170,Actn3
171,Nsmf
172,Mvd
173,Cyba
174,Tmem110
175,Itih1
176,Cdt1
177,Pola1
178,Gmnn
179,Zfp184
180,Tph2
181,Cnp
182,Tmco6
183,Chrd
184,Syngr3
185,Ddah2
186,Pole
187,Stx1a
188,Mc5r
189,Fance
190,Tinf2
191,Cpt1c
192,Ift43
193,Id3
194,Crlf1
195,Fhl2
196,1700109H08Rik
197,Sertad1
198,Elavl2
199,Mgst1
200,Bmp7
201,2310007L24Rik
202,Kcnq1
203,Vav2
204,Pou6f1
205,Zmynd10
206,Hyal2
207,Nprl2
208,Rnf112
209,Tmem86a
210,Rdm1
211,Uckl1os
212,Plcd1
213,Kdelr3
214,Apip
215,Slc5a1
216,Vipr2
217,Fsd1
218,Gltp
219,Bnip2
220,Brms1l
221,Ehf
222,Kif11
223,Mlkl
224,Retn
225,2200002J24Rik
226,Etv5
227,Enkd1
228,Zfp385c
229,Gip
230,Mertk
231,Wdfy2
232,Cmc2
233,Tppp3
234,E2f4
235,Naf1
236,C8g
237,Entpd2
238,Clic3
239,Aldh1a3
240,Cnksr3
241,Gadd45b
242,Ace2
243,Fam163a
244,Steap1
245,Arnt2
246,Plekho1
247,Ncapg
248,Ncf1
249,Lbp
250,Camk1g
251,H2-M3
252,Lonrf3
253,Sertad4
254,Pls3
255,Cd46
256,Pacsin2
257,Bik
258,Tmprss6
259,Kctd5
260,Il13ra1
261,Rnd3
262,Brca1
263,Gast
264,Nt5c3b
265,Acot8
266,Mpp2
267,Traf4
268,Aldoc
269,C1qtnf1
270,Timp2
271,Igfbp4
272,Cdc6
273,Crlf3
274,Wsb1
275,Ada
276,Birc5
277,Afmid
278,Dhx58
279,Mybl2
280,Eya2
281,Cyth4
282,Rac3
283,Baiap2l2
284,Erbb3
285,Mfng
286,Pmp22
287,Zcchc10
288,Kpna2
289,Cep95
290,Shroom1
291,Mapt
292,Rpain
293,6330403K07Rik
294,Adora2b
295,Cenpv
296,2810408A11Rik
297,Sparc
298,Dusp14
299,Aatf
300,Mpdu1
301,Cd68
302,Avpi1
303,Sfrp5
304,Wwc1
305,Cxcl16
306,Med11
307,Mfsd3
308,Dnase1l1
309,Styxl1
310,Chtf18
311,Tmem129
312,Psmc3ip
313,Sec14l4
314,Ffar3
315,Arhgef25
316,Ap4m1
317,Rcn3
318,Pdk4
319,Sema6a
320,L3hypdh
321,Calr3
322,Fbxo5
323,1700021F05Rik
324,Adat2
325,Ltv1
326,Gtf3c6
327,Tube1
328,Prep
329,Tnfaip3
330,Perp
331,Gje1
332,Smpdl3a
333,Ptprk
334,Gprc6a
335,Lin7a
336,Cdk1
337,1700040L02Rik
338,Actr6
339,Dusp6
340,Tmpo
341,Sgk1
342,Epb4.1l2
343,Apaf1
344,Arg1
345,Nedd1
346,Enpp3
347,Mtfr2
348,Ntn4
349,Tcp11l2
350,Pbld1
351,Eif4ebp2
352,Pald1
353,Plek
354,Lgr5
355,Gamt
356,Ptprr
357,Cobl
358,Grb10
359,E2f7
360,Csrp2
361,Prmt2
362,Rel
363,Stc2
364,Chac2
365,Hmmr
366,Slc22a4
367,Zfp354b
368,Sgcd
369,Pdlim4
370,Cdkn2aipnl
371,Upp1
372,Pttg1
373,Zfp607
374,4921536K21Rik
375,Osbp2
376,Smtn
377,Myl7
378,Pold2
379,Pgam2
380,Sept4
381,Ska2
382,Tubd1
383,Znhit3
384,Myo19
385,Shmt1
386,Bzw2
387,Twistnb
388,Efcab10
389,Sdc1
390,Trib2
391,Fam84a
392,Fam20a
393,Map2k6
394,Rnaseh1
395,Pfn4
396,Rsad2
397,Id2
398,Dus4l
399,Rrm2
400,Bcap29
401,Klf11
402,Grhl1
403,Sntg2
404,Hnf1b
405,Cct6b
406,Asic2
407,Rnf135
408,Slc9a3r1
409,Grin2c
410,Nt5c
411,Nup85
412,Galr2
413,Rhbdf2
414,Fam64a
415,Wscd1
416,Mxra7
417,Slc46a1
418,0610010K14Rik
419,Dhrs13
420,Nxn
421,Doc2b
422,Abcc3
423,Scrn2
424,Lrrc46
425,Nr1d1
426,Alox8
427,Aurkb
428,Ctc1
429,Adprm
430,Krt19
431,Top2a
432,Tmem101
433,Ccdc103
434,Klhl28
435,Coch
436,Ap4s1
437,Pole2
438,Spata7
439,Polr2h
440,Mbip
441,Adck1
442,Rab15
443,Pygl
444,Timm9
445,4930447C04Rik
446,Vrk1
447,Plek2
448,Arg2
449,Smoc1
450,Cdca7l
451,Efcab11
452,9030617O03Rik
453,Lgmn
454,Dcaf4
455,Coq6
456,Cyp46a1
457,Degs2
458,Cinp
459,Xrcc3
460,Mtr
461,Nedd9
462,Tbc1d7
463,Kif13a
464,Tpmt
465,Dek
466,Id4
467,Cenpp
468,Spin1
469,Eci3
470,Habp4
471,Cdk20
472,Mxd3
473,Fastkd3
474,Trpc7
475,Gkap1
476,Slc6a19
477,Slc6a19os
478,Trip13
479,Cep72
480,Spata9
481,Arsk
482,Srd5a1
483,Atg10
484,Ocln
485,Gtf2h2
486,Serf1
487,Smn1
488,Ptcd2
489,S100z
490,Elovl7
491,Depdc1b
492,Plk2
493,Dhfr
494,Cenpk
495,Rnf180
496,4930452B06Rik
497,Oit1
498,Fam107a
499,Ppap2a
500,Oxsm
501,Sftpd
502,1700011H14Rik
503,Sh3bp5
504,Arhgef3
505,Phf7
506,Prkcd
507,Pinx1
508,Lats2
509,Ska3
510,Mipep
511,Cpb2
512,Slc25a30
513,Mtrf1
514,Olfm4
515,Esco2
516,Ephx2
517,Nefm
518,Bora
519,Bin3
520,Sorbs3
521,Ppp3cc
522,Dmtn
523,Gfra2
524,Med4
525,Uchl3
526,Scel
527,Cln5
528,Dct
529,Rem2
530,Haus4
531,C6
532,Fbxo4
533,Cmbl
534,Ropn1l
535,Fam134b
536,Dpys
537,Shcbp1
538,Matn2
539,Stk3
540,Sybu
541,Myc
542,Wdyhv1
543,Atad2
544,Mtbp
545,Gtse1
546,Trmu
547,Dnal4
548,Dscc1
549,Cby1
550,Fam118a
551,Sh3bp1
552,Parvb
553,Ttll1
554,Pmm1
555,Pde1b
556,Litaf
557,Emp2
558,Il1rap
559,Srl
560,Adck5
561,Dgat1
562,Fbxl6
563,Oplah
564,Tsta3
565,Pycrl
566,Naprt1
567,Gsdmd
568,Ly6h
569,Mapk12
570,Lmf2
571,Tymp
572,Rabl2
573,Tagln3
574,Mcm4
575,Snai2
576,Nde1
577,Cmss1
578,Nit2
579,4930451C15Rik
580,Aifm3
581,Ccdc116
582,Mfi2
583,Spag6
584,Wdr53
585,B4galt4
586,Fstl1
587,Muc13
588,Ccdc14
589,Thpo
590,Tmem41a
591,D16Ertd472e
592,Rfc4
593,Slc15a2
594,Chaf1b
595,Cbr3
596,Rcan1
597,Donson
598,Mis18a
599,Fmnl3
600,Racgap1
601,Gpd1
602,Cela1
603,Nr4a1
604,Cdkn1a
605,Rgn
606,Cep89
607,Mospd1
608,Msrb2
609,Sult1c2
610,Nagpa
611,Slc38a1
612,Leprel2
613,Serping1
614,Serinc2
615,Ccl25
616,Parp3
617,Slc26a6
618,Acy1
619,Frs3
620,Dtwd1
621,Mx2
622,Poc1a
623,Trip6
624,Slc17a9
625,Cela3b
626,Pcbp4
627,Cdca3
628,Fam132a
629,Rhebl1
630,Pigx
631,Agpat4
632,1700010I14Rik
633,Zfp54
634,Zfp51
635,Tnfrsf12a
636,Pkmyt1
637,Paqr4
638,Flywch2
639,Cenpq
640,Sgol1
641,Cyp39a1
642,Taf8
643,Guca1a
644,Tfeb
645,Nfya
646,Tff2
647,Rsph1
648,Cbs
649,Cyp4f13
650,Ndc80
651,Clip4
652,Qpct
653,Cacna1h
654,Prss41
655,1600002H07Rik
656,Slc3a1
657,Pigf
658,Msh2
659,Nme4
660,Plin3
661,Mllt1
662,Clps
663,Bambi
664,Map3k8
665,Thumpd2
666,2700062C07Rik
667,Zscan30
668,Adamts10
669,Col11a2
670,Gfra3
671,Proc
672,Atp6v1g2
673,Aqp4
674,Ttc39c
675,Atat1
676,Mal2
677,Hbegf
678,Ppp2r2b
679,Spink3
680,Dtwd2
681,Hsd17b4
682,Srfbp1
683,Slmo1
684,Snx24
685,Ppic
686,Pcyox1l
687,Lmnb1
688,Psat1
689,Tle4
690,Cndp2
691,Timm21
692,Incenp
693,Fads2
694,Tmem138
695,Tmem216
696,Mrpl16
697,Fam111a
698,Gna14
699,Lipa
700,Cdca5
701,Kif20b
702,Tm7sf2
703,Rpp30
704,Pcgf5
705,Rad9a
706,Gldc
707,Pola2
708,Mbl2
709,Cnih2
710,Cbwd1
711,Aldh3b1
712,Gal
713,Efemp2
714,Fosl1
715,Rnaseh2c
716,Esrra
717,Fermt3
718,Acsl5
719,Zdhhc6
720,Hhex
721,Cep55
722,Pde6c
723,Hells
724,Sorbs1
725,Slit1
726,Efhc2
727,Taf5
728,Pcgf6
729,Gyk
730,Gsto1
731,Gsto2
732,Casp7
733,Ppp1r27
734,Pycr1
735,Lrrc45
736,Arhgap19
737,Ogfod3
738,Rab40b
739,Ubtd1
740,Got1
741,Cutc
742,Scd3
743,Kazald1
744,Kcnip2
745,Adpgk
746,Alas2
747,Pfkfb1
748,Tro
749,Acot9
750,Cdk2
751,Prim1
752,Nab2
753,Shmt2
754,Ttc4
755,Katnal2
756,St8sia5
757,Xrcc6bp1
758,Caly
759,Zfp511
760,Ifitm1
761,Sigirr
762,Irf7
763,Pidd1
764,Cd151
765,Tspan4
766,Asl
767,Clybl
768,Tk1
769,Rbfox3
770,Dach2
771,Zfp202
772,Rps6ka6
773,Nmb
774,Rab40c
775,Fam195a
776,Tyms
777,Plk4
778,Mfsd8
779,Ly96
780,Slc25a10
781,Nop16
782,Tspan17
783,Myo5b
784,Snca
785,Mybl1
786,Ppp1r42
787,Paqr8
788,Tmem14a
789,Slc40a1
790,Casp8
791,Ppil3
792,Sgol2
793,Col5a2
794,Tex30
795,Il1r2
796,Mitd1
797,Stk17b
798,Tmeff2
799,Prim2
800,Col19a1
801,Nhej1
802,Rnf25
803,Bcs1l
804,Ppm1f
805,Tmem169
806,Fn1
807,Glb1l
808,Serpine2
809,Pask
810,Bok
811,Rab17
812,Serpinb8
813,Acmsd
814,Mcm6
815,Rgs2
816,3110009E18Rik
817,Cd55
818,Ddx59
819,Pigr
820,Csrp1
821,Arl8a
822,Ube2t
823,Rab29
824,Lrrn2
825,Mr1
826,Opn3
827,Rgs7
828,Tada1
829,Pou2f1
830,Nme7
831,Ccdc181
832,Cenpf
833,Nek2
834,Atf3
835,Tatdn3
836,Acbd7
837,1700009P17Rik
838,Meig1
839,Fam107b
840,Mcm10
841,Enkur
842,Nuf2
843,Fmo4
844,Cenpl
845,Trdmt1
846,Pfkfb3
847,Mastl
848,Pdss1
849,Slc2a8
850,Ak8
851,1700026L06Rik
852,Ptges2
853,Nr4a2
854,1700007K13Rik
855,Cytip
856,Olfm1
857,Upp2
858,Kynu
859,Cutal
860,Phf19
861,Ttll11
862,Lhx6
863,Slc4a10
864,Wdr5
865,Egfl7
866,Agpat2
867,Fcna
868,Tmem141
869,Nmi
870,Sapcd2
871,Arl6ip6
872,Fam166a
873,Itgb6
874,Hat1
875,P2rx3
876,Slc43a1
877,Timm10
878,Ube2l6
879,Tfpi
880,Kif18a
881,Depdc7
882,Cat
883,Gatm
884,Slc12a1
885,Mdk
886,F2
887,Lrp4
888,Itpka
889,Ndufaf1
890,Nusap1
891,Chac1
892,Dll4
893,Gfra4
894,Rad51
895,Casc5
896,1700037H04Rik
897,Spef1
898,Cdc25b
899,Knstrn
900,Smox
901,Rasgrp1
902,Mcm8
903,Fermt1
904,Hdc
905,Fahd2a
906,Bub1
907,Ndufaf5
908,Zc3h8
909,Slc20a1
910,Pdyn
911,Mgme1
912,Rbbp9
913,Dtd1
914,Gins1
915,Sdcbp2
916,Tpx2
917,Cdk5rap1
918,Snta1
919,Necab3
920,Aurka
921,Rbm38
922,Stx16
923,Gnas
924,E2f5
925,Dok5
926,Chrna4
927,Stmn3
928,Zbtb46
929,Gss
930,Dsn1
931,Fam83d
932,Slc2a10
933,Zfp639
934,Ccdc39
935,Mecom
936,Ect2
937,1810062G17Rik
938,Ccna2
939,Trpc4
940,Schip1
941,Pfn2
942,4930579G24Rik
943,Kcnab1
944,Shox2
945,Vangl1
946,Gpsm2
947,1700013F07Rik
948,Gstm4
949,Chil6
950,Slc27a3
951,Rab13
952,Efna1
953,Tmem144
954,Trim2
955,Ccdc109b
956,Casp6
957,Pla2g12a
958,Gucy1b3
959,Gstcd
960,Glrb
961,Dnajb4
962,Pmf1
963,Iqgap3
964,Ntrk1
965,Fmo5
966,Acp6
967,F3
968,Ptbp2
969,Riiad1
970,Oaz3
971,Them4
972,Rorc
973,Mttp
974,Dapp1
975,Manba
976,Depdc1a
977,Spata1
978,Ctbs
979,Bcl10
980,Cryz
981,Ccne2
982,Cdh17
983,Calb1
984,Mmp16
985,Spaca1
986,Lmo4
987,Akirin2
988,3110043O21Rik
989,Smc2
990,Xpa
991,Tmeff1
992,Bspry
993,Alad
994,Pole3
995,Aqp3
996,1110017D15Rik
997,Nudt2
998,Cntfr
999,Fancg
1000,Ccdc107
1001,Gba2
1002,Npr2
1003,Reck
1004,Plin2
1005,Dab1
1006,2610528J11Rik
1007,Dph2
1008,Slc5a9
1009,Bend5
1010,Cdkn2c
1011,Usp1
1012,Fggy
1013,Lrrc38
1014,Orc1
1015,Gpx7
1016,Podn
1017,Ndc1
1018,Lrrc42
1019,Col9a2
1020,Exo5
1021,Ctps
1022,Edn2
1023,Ppcs
1024,Lepre1
1025,Ccdc23
1026,Slc2a1
1027,Mycbp
1028,Mycl
1029,Mfsd2a
1030,Kif2c
1031,Plk3
1032,Ptch2
1033,Mutyh
1034,Ccdc163
1035,Nasp
1036,Ipp
1037,Rad54l
1038,Cyp4b1
1039,Stil
1040,Mrto4
1041,Kif17
1042,Tinagl1
1043,Hpca
1044,Ccdc28b
1045,Rhd
1046,Cnksr1
1047,Tekt2
1048,Cdca8
1049,Rpa2
1050,Rcc1
1051,Mecr
1052,Arhgef19
1053,Xrcc2
1054,Tnfrsf9
1055,Cort
1056,Mad2l2
1057,Orc5
1058,Miip
1059,Dffb
1060,Plch2
1061,Pank4
1062,Mxra8
1063,Gltpd1
1064,Prom1
1065,Kcnip4
1066,Pacrgl
1067,Gpr125
1068,Sorcs2
1069,Ablim2
1070,Rgs12
1071,Hgfac
1072,Ppp2r2c
1073,Crmp1
1074,Stk32b
1075,Nsg1
1076,Rnf32
1077,Rbks
1078,Krtcap3
1079,Cgref1
1080,Cenpa
1081,Klf3
1082,Pi4k2b
1083,Klb
1084,Ugdh
1085,Nsun7
1086,Tec
1087,Uchl1
1088,Tmem165
1089,Ugt2b34
1090,Fam69a
1091,Sult1d1
1092,Glmn
1093,Brdt
1094,Sparcl1
1095,Klhl8
1096,Plac8
1097,Bmp3
1098,Crybb1
1099,Srrd
1100,Asphd2
1101,Crybb3
1102,Tesc
1103,Rfc5
1104,Dck
1105,Cxcl15
1106,Mthfd2l
1107,2010109A12Rik
1108,Snrnp35
1109,Rhof
1110,Tmem116
1111,Gpn3
1112,Cit
1113,Chek2
1114,Pla2g1b
1115,St7
1116,Ftsj2
1117,Oasl2
1118,Radil
1119,Fscn1
1120,Ung
1121,Sdsl
1122,Rita1
1123,Rasal1
1124,Dtx1
1125,Ankrd61
1126,Rph3a
1127,Ccz1
1128,Zkscan14
1129,Slc46a3
1130,C8b
1131,Tex26
1132,Tfpi2
1133,Tspan12
1134,Limk1
1135,Ezh2
1136,Aass
1137,Pcolce
1138,Ppp1r35
1139,Mcm7
1140,Tpk1
1141,Dync1i1
1142,Pon3
1143,Calu
1144,Ccdc136
1145,Abcg2
1146,Tra2a
1147,Dfna5
1148,4921507P07Rik
1149,Svopl
1150,Epha1
1151,Casp2
1152,Gstk1
1153,Ccdc184
1154,Mad2l1
1155,Prdm5
1156,Pradc1
1157,1700003E16Rik
1158,Ino80b
1159,Gp9
1160,Gm20696
1161,Ruvbl1
1162,Abtb1
1163,Klf15
1164,Slc41a3
1165,Bhlhe40
1166,Usp18
1167,Gdf3
1168,Lag3
1169,Clec12b
1170,Clec1b
1171,Rad52
1172,Wnt5b
1173,Magohb
1174,Bcl2l14
1175,Dera
1176,Ldhb
1177,Rad18
1178,Cmas
1179,Creld1
1180,Caprin2
1181,Efcab12
1182,Pianp
1183,Tnfrsf1a
1184,Cd9
1185,Rad51ap1
1186,Zik1
1187,Pop4
1188,Zfp939
1189,Zfp583
1190,Zdhhc13
1191,Zfp108
1192,C230052I12Rik
1193,Hddc3
1194,Mesp2
1195,Mesp1
1196,Pex11a
1197,Nr2f2
1198,Lrrc28
1199,Ctsc
1200,Lrfn1
1201,Mfge8
1202,Ccdc90b
1203,Eed
1204,Fah
1205,4632434I11Rik
1206,Cyp2r1
1207,Mylpf
1208,Kif22
1209,Plekhb1
1210,Gdpd3
1211,Ccdc101
1212,Nupr1
1213,Lipt2
1214,Pold3
1215,Pgm2l1
1216,Syt3
1217,Dgat2
1218,Il4ra
1219,Kdm8
1220,Zkscan2
1221,Micalcl
1222,Pak1
1223,Lyve1
1224,Pycard
1225,Prss8
1226,Kat8
1227,Sergef
1228,Fgfr2
1229,Chp2
1230,Plk1
1231,Cdr2
1232,Vwa3a
1233,Crym
1234,Anks4b
1235,Zp2
1236,Lyrm1
1237,Lhpp
1238,Trim21
1239,Rrm1
1240,Pgap2
1241,Mki67
1242,Swap70
1243,Wee1
1244,Akip1
1245,Usp11
1246,Oraov1
1247,Smarca1
1248,Rbmx2
1249,Prickle3
1250,Plp2
1251,Praf2
1252,Otud5
1253,Ftsj1
1254,Stard8
1255,Magee2
1256,Itm2a
1257,Xkrx
1258,Cenpi
1259,Serpina7
1260,Lrch2
1261,Cdkl5
1262,Dmrtc1a
1263,Cdx4
1264,Tsx
1265,Gabre
1266,Nsdhl
1267,Zfp185
1268,Xlr4c
1269,Haus7
1270,Pir
1271,Piga
1272,Asb11
1273,Asb9
1274,Renbp
1275,L1cam
1276,Psmd10
1277,Gas6
1278,Rasa3
1279,Angpt2
1280,Nek3
1281,Eif4ebp1
1282,Rab20
1283,Dlc1
1284,Eri1
1285,Dusp4
1286,Smim19
1287,Plat
1288,Gins4
1289,4930555F03Rik
1290,Star
1291,Pdgfrl
1292,Sap30
1293,Hpgd
1294,Casp3
1295,Cenpu
1296,Pdlim3
1297,Lrp2bp
1298,Tlr3
1299,Mfap3l
1300,Sall1
1301,Gins3
1302,Gpt2
1303,Gab1
1304,Zfp821
1305,St3gal2
1306,Cenpn
1307,Mt3
1308,Cx3cl1
1309,Tmem38a
1310,Usb1
1311,B3gnt3
1312,Gins2
1313,Necab2
1314,Cdh13
1315,Bcmo1
1316,1700030J22Rik
1317,Ntpcr
1318,Pbx4
1319,Lpar2
1320,Car7
1321,Psmb10
1322,Dus2
1323,Maml2
1324,Ankrd49
1325,Panx1
1326,Tmem170
1327,Ctrb1
1328,Dbndd1
1329,Arv1
1330,Jam3
1331,St14
1332,Dcun1d5
1333,Oaf
1334,4931429I11Rik
1335,Kcnj5
1336,Kirrel3
1337,St3gal4
1338,Rpusd4
1339,Alg9
1340,Ddx25
1341,Nlrx1
1342,Fez1
1343,Hinfp
1344,Pde4a
1345,Tmed1
1346,Kank2
1347,Ccnb2
1348,Myo1e
1349,Fam81a
1350,Kif23
1351,Sh3bgrl2
1352,Fam46a
1353,Neil1
1354,Mpi
1355,Nrg4
1356,Stoml1
1357,Mb21d1
1358,Fam83b
1359,Ctsh
1360,Plod2
1361,Plscr4
1362,Snapc5
1363,Zwilch
1364,Smad3
1365,Ube2cbp
1366,Rwdd2a
1367,Zfp949
1368,Crtap
1369,Cmtm7
1370,Zcwpw2
1371,Clstn2
1372,Rbp2
1373,Nme6
1374,Kif9
1375,Nradd
1376,Csrnp1
1377,Acpp
1378,Mapkapk3
1379,Traip
1380,Amigo3
1381,Uba7
1382,Slc25a20
1383,Amt
1384,Klhdc8b
1385,Gpr19
1386,Oas3
1387,Cd59a
1388,Lmo2
1389,Trib3
1390,Folr2
1391,Snx33
1392,Gab3
1393,Slc8b1
1394,Ilvbl
1395,Troap
1396,Fanca
1397,Igdcc4
1398,Prr5l
1399,Zswim6
1400,Rnft2
1401,Rspo4
1402,Ugt8a
1403,Ccdc85a
1404,Atg12
1405,Rbm11
1406,Ap4b1
1407,Cdo1
1408,C330027C09Rik
1409,Calhm2
1410,Pygb
1411,Card10
1412,Eefsec
1413,Ttf2
1414,Trim45
1415,Kctd17
1416,Dpyd
1417,Fbxl8
1418,Gstt2
1419,Rtp4
1420,Prrg3
1421,Palmd
1422,Frrs1
1423,Antxr1
1424,Adamts15
1425,Angptl1
1426,Dph5
1427,Fa2h
1428,Reep4
1429,Lgi3
1430,Rfwd3
1431,Zfp7
1432,Smyd5
1433,Akr1c14
1434,Vav3
1435,Spr
1436,Mnd1
1437,Recql4
1438,Asb13
1439,Ephx4
1440,Alg3
1441,Engase
1442,Gucy1a3
1443,Vhl
1444,Aspm
1445,Rfc3
1446,Zfp944
1447,Tesk2
1448,Fancd2
1449,Ccdc17
1450,Zfp551
1451,Ano7
1452,Tpst1
1453,Tspan8
1454,Emid1
1455,Zbed5
1456,Hsdl1
1457,Rhov
1458,Zdhhc14
1459,Dnajc17
1460,Sdr42e1
1461,Kif4
1462,Trim59
1463,Plcg2
1464,Smc4
1465,Ramp1
1466,Cpne2
1467,Wdr5b
1468,Spata6
1469,Neurl1b
1470,Trmt5
1471,Cyb561a3
1472,Dhrs11
1473,Gulo
1474,Ifit1
1475,Dynlrb2
1476,Rasd2
1477,Edil3
1478,Mad2l1bp
1479,Hsd17b13
1480,Fbxo16
1481,Zfp418
1482,8430429K09Rik
1483,Slc41a2
1484,Pik3ip1
1485,Setmar
1486,Tiparp
1487,Dbn1
1488,Sema3f
1489,Prr7
1490,Nostrin
1491,Tle6
1492,Dusp5
1493,BC030867
1494,Nrip3
1495,Lrr1
1496,Ncaph
1497,Dhcr24
1498,Rtkn
1499,Arl4d
1500,Tmem106a
1501,Dapk3
1502,Parm1
1503,Otoa
1504,Dpp4
1505,Ncapd3
1506,Nek11
1507,Zc4h2
1508,Oma1
1509,Fam167a
1510,Neil2
1511,Chrnb4
1512,Xrra1
1513,Pdk3
1514,Fam175a
1515,Trim13
1516,Hpse
1517,Tpbg
1518,Nat14
1519,Nup37
1520,Pdzrn3
1521,Parpbp
1522,1810055G02Rik
1523,Shq1
1524,Tmem98
1525,Fignl1
1526,Mbd3
1527,Plk5
1528,Cox18
1529,Fbxl21
1530,Gc
1531,Igfbpl1
1532,Mpv17l2
1533,Aldh1b1
1534,Iqcg
1535,1600002K03Rik
1536,Muc20
1537,Aamdc
1538,Tnfsf9
1539,Kcnc2
1540,Melk
1541,Isg15
1542,Caps2
1543,Alg8
1544,Bbs10
1545,Cep19
1546,Tk2
1547,Pim3
1548,Ddx11
1549,Alg12
1550,Krt222
1551,Misp
1552,Syt1
1553,3110052M02Rik
1554,Pawr
1555,AI182371
1556,Rnase1
1557,Bbs9
1558,Acss3
1559,Tdp2
1560,Tmem59l
1561,Gm7008
1562,Nme5
1563,Slc2a6
1564,Hyal3
1565,Myrf
1566,Prr5
1567,Lmo1
1568,Rpp25l
1569,Znrd1as
1570,Ska1
1571,3632451O06Rik
1572,Macrod1
1573,Slc18a1
1574,Ubac1
1575,P2ry12
1576,Rmdn2
1577,C530008M17Rik
1578,P2ry14
1579,Gadd45a
1580,9530077C05Rik
1581,Siah2
1582,Wtip
1583,Rnf39
1584,Tmem255a
1585,Rnf113a1
1586,Ndrg4
1587,Fgf1
1588,Ccdc113
1589,Tssc1
1590,Mag
1591,Nudt1
1592,Cenpt
1593,Aaas
1594,Zscan12
1595,Kcnk9
1596,Kif15
1597,Anln
1598,Klhl13
1599,Fam135b
1600,Slc6a20a
1601,Amdhd2
1602,Mcoln3
1603,Syde2
1604,Dna2
1605,Acaa2
1606,Prodh2
1607,Kirrel2
1608,Spt1
1609,4921524J17Rik
1610,Kdm1a
1611,Tmem71
1612,Cnpy4
1613,Tfb1m
1614,Nxt1
1615,Wdr62
1616,Zfp146
1617,Zcwpw1
1618,4930529M08Rik
1619,Mycn
1620,Pacrg
1621,Atg101
1622,Thap1
1623,Pldi
1624,Ovol2
1625,Man1c1
1626,Tacc3
1627,Jade3
1628,Map4k1
1629,Paqr7
1630,Nudt22
1631,Letm2
1632,Pafah2
1633,Spon2
1634,Tbc1d2b
1635,Vnn1
1636,Arid5a
1637,Fbxo27
1638,Klf10
1639,4930427A07Rik
1640,Dtl
1641,Bcdin3d
1642,Dlgap5
1643,Plekhg2
1644,Vash2
1645,Wdhd1
1646,Kcnh3
1647,BC022687
1648,Cldn11
1649,Cdkn3
1650,Zbtb42
1651,H2-DMa
1652,Gpr160
1653,Cdkn1c
1654,Esyt3
1655,Ckap2
1656,Actrt3
1657,Actr5
1658,Fbxw17
1659,Tgm2
1660,Tspan14
1661,Nmrk1
1662,Egr2
1663,Scarb1
1664,Chchd5
1665,Inpp4b
1666,Wdr20
1667,Fam101a
1668,6430571L13Rik
1669,Igsf9
1670,2700029M09Rik
1671,Rnmtl1
1672,Haus6
1673,Fkbp14
1674,Tmem237
1675,AW551984
1676,Cd84
1677,5033430I15Rik
1678,Spon1
1679,Cer1
1680,Cep44
1681,Tlcd2
1682,Ncapd2
1683,Snx10
1684,1700066M21Rik
1685,Sesn1
1686,Plcl1
1687,Arl5c
1688,Ankrd35
1689,Fbxo25
1690,Ttk
1691,Rras
1692,Higd1a
1693,Hdhd3
1694,Spsb2
1695,Dennd2a
1696,Olfml2b
1697,Nos1ap
1698,Gdf15
1699,Rpf2
1700,AI317395
1701,C1rl
1702,Rgs4
1703,BC028528
1704,Ciart
1705,Reep2
1706,Sct
1707,Rassf7
1708,Pold1
1709,Josd2
1710,Dsel
1711,Mboat1
1712,Ephx1
1713,Stap2
1714,Lefty1
1715,Gcnt1
1716,Baiap2l1
1717,Ccdc68
1718,3930402G23Rik
1719,Rccd1
1720,Prc1
1721,Slco4a1
1722,Bloc1s5
1723,1700019L03Rik
1724,Arhgap18
1725,Tasp1
1726,Eme1
1727,Echdc3
1728,L3mbtl3
1729,Wdr93
1730,Gipc2
1731,Akna
1732,Naif1
1733,Nubp2
1734,Fanci
1735,Tbc1d25
1736,Suv39h1
1737,Lgi2
1738,Pomt1
1739,BC017643
1740,Mettl22
1741,Exosc2
1742,Wdr45
1743,Dusp10
1744,Neil3
1745,Dcxr
1746,Nrtn
1747,Cdnf
1748,Dse
1749,Cyp7b1
1750,Mmd2
1751,Ncam1
1752,Ttc18
1753,Ppp1r3fos
1754,2210406O10Rik
1755,Ccdc151
1756,Lonrf1
1757,Zfp189
1758,Vasn
1759,Ccbl1
1760,Dusp26
1761,Oxld1
1762,Capsl
1763,Mrps6
1764,Msantd3
1765,Wdr34
1766,Htatip2
1767,Exo1
1768,Alkbh4
1769,Galnt12
1770,Cercam
1771,Tbc1d2
1772,Myl6b
1773,Neurl2
1774,Slc39a5
1775,Lrrc17
1776,Tmem120a
1777,Alg14
1778,Txlnb
1779,Fgl2
1780,Slc26a11
1781,Cited2
1782,Spsb1
1783,Mettl20
1784,Rhou
1785,Ccdc40
1786,Ccdc67
1787,Fam60a
1788,Ptger3
1789,Nup43
1790,Bub1b
1791,Bmf
1792,Ppapdc2
1793,Tax1bp3
1794,Fmo2
1795,Alkbh3
1796,Fmo1
1797,Ankrd6
1798,Arntl2
1799,2810417H13Rik
1800,Gas8
1801,Syngr4
1802,Tbc1d10c
1803,Accs
1804,Cdk6
1805,BC052040
1806,Nsmce4a
1807,Lyrm5
1808,Plekha4
1809,Blvrb
1810,Xaf1
1811,Pvr
1812,Cblc
1813,Abhd11
1814,Wbscr27
1815,Gstm2
1816,Mis12
1817,Apobec1
1818,Gemin8
1819,Aicda
1820,Dok4
1821,Ppp1r14c
1822,Dnph1
1823,Efhd2
1824,Sh3bgr
1825,Apobec2
1826,Limd2
1827,Cyp2s1
1828,A930016O22Rik
1829,Siah1b
1830,Snrnp25
1831,Agbl2
1832,Catsperd
1833,4930579G18Rik
1834,Osbpl10
1835,Foxa3
1836,Atp1a3
1837,4930505A04Rik
1838,Slc16a11
1839,Cables1
1840,Slc22a2
1841,Igsf21
1842,Gm11992
1843,Mill2
1844,Trim62
1845,Cmtm8
1846,Mslnl
1847,Rwdd2b
1848,Pde9a
1849,Nbl1
1850,N4bp2l1
1851,Chrnb1
1852,Pla2g2d
1853,Arhgap11a
1854,Wnk3
1855,Car8
1856,Thoc6
1857,Inhba
1858,Wrap53
1859,Mettl18
1860,Nthl1
1861,Ccnb1
1862,Cacna2d4
1863,Rrp9
1864,Hspb8
1865,Fbxo2
1866,Tmtc4
1867,5730559C18Rik
1868,Ccdc74a
1869,D11Wsu47e
1870,Kctd12b
1871,Slc39a11
1872,Rims1
1873,BC006965
1874,Lrrc29
1875,Gpr155
1876,Tram2
1877,Phlda3
1878,Efhc1
1879,Sytl3
1880,Haus1
1881,Mcm3
1882,Shisa4
1883,Tnfrsf18
1884,Pkp2
1885,Elmod1
1886,Zbed3
1887,Ncapg2
1888,Zfp239
1889,Kank3
1890,Csdc2
1891,Klhdc8a
1892,Dzip1
1893,Pnliprp1
1894,Abhd14a
1895,Zfand4
1896,Bag2
1897,Lyn
1898,Fam92b
1899,Nxt2
1900,Pelo
1901,Tnfrsf14
1902,Ctf1
1903,Snx18
1904,Slc5a10
1905,Smim12
1906,Dctpp1
1907,Clspn
1908,Mum1l1
1909,Map2k3os
1910,Asb4
1911,Xkr7
1912,Gucy2c
1913,Fam159b
1914,Arrdc4
1915,Wdr55
1916,Garem
1917,Npl
1918,Obfc1
1919,Commd10
1920,Wdr74
1921,Ttc9
1922,Tmem108
1923,Mrap2
1924,Hebp1
1925,Muc1
1926,Gpx2
1927,Mcts2
1928,Fgf11
1929,Sbk1
1930,Loh12cr1
1931,Tmem194b
1932,Wdr63
1933,Il17re
1934,Tuba1c
1935,Tmem186
1936,Ispd
1937,Tmem212
1938,Kcnj6
1939,Rhbdl2
1940,6530409C15Rik
1941,Hexim2
1942,Otud1
1943,Chd3os
1944,Hilpda
1945,Acot6
1946,Hscb
1947,Rai2
1948,Unc5cl
1949,0610009L18Rik
1950,Pld6
1951,Tmem221
1952,Diras1
1953,1190005I06Rik
1954,Dmrta1
1955,1700048O20Rik
1956,Ccdc64b
1957,Nup62
1958,Ccdc60
1959,Ccrl2
1960,Gpr75
1961,Pcdhb21
1962,Slc35g1
1963,Als2cl
1964,Pcdhb14
1965,Efcab9
1966,Zfp85os
1967,Proca1
1968,9530080O11Rik
1969,Fam109a
1970,Nkrf
1971,Wfikkn2
1972,Cdc25c
1973,Nxpe4
1974,Il20rb
1975,Zfp879
1976,Neurog3
1977,1700001O22Rik
1978,Slc25a53
1979,Snhg11
1980,Ccdc89
1981,Slc16a13
1982,Tigd3
1983,Tnfaip8l1
1984,Lincpint
1985,Hs3st5
1986,Zfp758
1987,Lingo4
1988,Tram1l1
1989,Dact1
1990,Tex38
1991,Gm4922
1992,Liph
1993,Cnrip1
1994,Palb2
1995,Erich5
1996,Serpinb1a
1997,Hjurp
1998,Zfp354c
1999,Ankrd45
2000,1700056E22Rik
2001,Coa4
2002,4930503L19Rik
2003,Syt16
2004,1700029I15Rik
2005,Zfp367
2006,BC030307
2007,Ubtd2
2008,Kctd21
2009,Tst
2010,1110034G24Rik
2011,9030612E09Rik
2012,Slc25a26
2013,Gm5514
2014,Pigw
2015,AI467606
2016,1110012L19Rik
2017,Cenph
2018,Lca5l
2019,Tmem86b
2020,Ush1g
2021,Fahd1
2022,Proser2
2023,6330549D23Rik
2024,Cenpe
2025,9530056K15Rik
2026,Nyap1
2027,Sh2d5
2028,Tnfrsf26
2029,Tmem88
2030,Kcnk13
2031,Gprin3
2032,2810002D19Rik
2033,Ttll13
2034,Hcar2
2035,A930002H24Rik
2036,BC049730
2037,Glb1
2038,Pid1
2039,Smtnl2
2040,Pqlc3
2041,Adrb2
2042,Mms22l
2043,Fam179a
2044,Basp1
2045,Slc16a5
2046,Zswim3
2047,Cradd
2048,4933415A04Rik
2049,Npas4
2050,4933440M02Rik
2051,BC049762
2052,Zfp830
2053,Stard5
2054,Otulin
2055,E2f8
2056,Pcdhb20
2057,Pnma2
2058,Rprml
2059,1600029I14Rik
2060,Ankle1
2061,AI464131
2062,Zfp322a
2063,Pcdhb17
2064,Rbp1
2065,1700067K01Rik
2066,Lrrc75a
2067,Kctd4
2068,Fam43a
2069,Spin2c
2070,Ccdc147
2071,Lrrc8e
2072,Ticrr
2073,Tifa
2074,Bst2
2075,Kctd11
2076,Gprc5a
2077,Fat4
2078,Gchfr
2079,Ddit4l
2080,Fam187b
2081,Gpr1
2082,Tefm
2083,Slc26a1
2084,Spsb4
2085,Zfp41
2086,Zfp445
2087,Nipa1
2088,D030056L22Rik
2089,Fam221a
2090,Ankdd1b
2091,Ticam1
2092,Chst9
2093,Tigd5
2094,Gjd3
2095,Ccdc36
2096,Cldn2
2097,Hist1h2be
2098,Zfp358
2099,Sfn
2100,Zfp286
2101,Cstad
2102,Abhd17b
2103,Zfp768
2104,B3gnt1
2105,Gpr68
2106,8030462N17Rik
2107,Mroh7
2108,Mis18bp1
2109,Lxn
2110,Apof
2111,Nr1h4
2112,Krt83
2113,D930020B18Rik
2114,Msl3l2
2115,Ust
2116,Ubiad1
2117,Fancb
2118,Phf13
2119,Gm6484
2120,Cdca4
2121,Gimap6
2122,Rell1
2123,Pcdhb16
2124,Stbd1
2125,Ino80c
2126,C2cd4a
2127,Catsper4
2128,Tmem229a
2129,Eno4
2130,Pirt
2131,4632415L05Rik
2132,Tmem81
2133,Bend7
2134,Efcab4a
2135,Rnf149
2136,Gng7
2137,Frmd6
2138,Ckap2l
2139,Mfsd6l
2140,Pcdhb18
2141,Arxes1
2142,F2r
2143,Mlf1
2144,Smim5
2145,Fam212b
2146,Spata33
2147,Bdnf
2148,Zdhhc22
2149,Gm7461
2150,Zbtb8b
2151,8430408G22Rik
2152,Tyw5
2153,Igf2
2154,Ctxn1
2155,Tpcn2
2156,Mex3d
2157,Tbc1d12
2158,Zfp454
2159,Mcat
2160,Tmem53
2161,Pthlh
2162,Lonrf2
2163,4930539E08Rik
2164,Efna5
2165,Cdca2
2166,Ccdc125
2167,Yjefn3
2168,Nrsn1
2169,Tmem121
2170,Mterfd3
2171,Purg
2172,Scn3b
2173,Mblac1
2174,Fut4
2175,Zfp2
2176,Gm5105
2177,Fam58b
2178,Hist1h1a
2179,Tmie
2180,Orai1
2181,Fam109b
2182,Gal3st1
2183,Lrrc19
2184,Arl4c
2185,2810025M15Rik
2186,Vcpkmt
2187,Tmem17
2188,Rasl11b
2189,2610318N02Rik
2190,Rpp38
2191,Plekhf2
2192,Rap2c
2193,Fhl4
2194,Tdrp
2195,Gpr171
2196,Agmo
2197,Gsg2
2198,Lsm10
2199,Scd4
2200,Il17d
2201,Tmem220
2202,Synpo2
2203,Ndufaf6
2204,Sept6
2205,Armcx6
2206,Tcf19
2207,B230217C12Rik
2208,5730508B09Rik
2209,3110021A11Rik
2210,Zfp61
2211,Ubald2
2212,Ccdc96
2213,Arhgap42
2214,Gp1bb
2215,Ccdc126
2216,Slc29a4
2217,Zfp623
2218,Tmem125
2219,Tvp23a
2220,Ankrd37
2221,Hist2h2bb
2222,Insl6
2223,Creg2
2224,4930412M03Rik
2225,Zfp455
2226,Gprc5c
2227,Lingo3
2228,4930579K19Rik
2229,Nat2
2230,Rpusd3
2231,Zfp524
2232,Gpr119
2233,Ercc6l
2234,Gen1
2235,Zfp52
2236,Rab11fip5
2237,Spryd4
2238,Ppapdc3
2239,Kif18b
2240,Flrt3
2241,Bbs12
2242,Zfp786
2243,Ufsp1
2244,Siglech
2245,Arhgef39
2246,Usp29
2247,Pusl1
2248,Rap2a
2249,Hist1h1e
2250,Kcnf1
2251,Rinl
2252,Cox6b2
2253,Mest
2254,Klhdc1
2255,Spats2
2256,Xkr4
2257,Smim11
2258,Rasal3
2259,Ppap2c
2260,Gm14964
2261,B630019K06Rik
2262,Actn2
2263,Nrros
2264,Zfp961
2265,A330008L17Rik
2266,Spdya
2267,Magi3
2268,Gan
2269,Hist1h1d
2270,Serp2
2271,Isoc2b
2272,Ccdc79
2273,5830454E08Rik
2274,Zfp112
2275,Nup107
2276,Rnf157
2277,Gas1
2278,Sv2b
2279,Jam2
2280,9230110C19Rik
2281,Fank1
2282,Socs3
2283,Gm5129
2284,Gpr21
2285,Gm609
2286,Styx
2287,Dand5
2288,D10Jhu81e
2289,Gm9905
2290,Phgdh
2291,Hunk
2292,4930597O21Rik
2293,6430503K07Rik
2294,3110082I17Rik
2295,Zfp472
2296,Tgm5
2297,Dpep2
2298,Tmem39b
2299,Ptrh1
2300,1700016K19Rik
2301,Exoc6
2302,Gm12474
2303,Lgals4
2304,Zfp14
2305,Tmem179
2306,Skida1
2307,Skp2
2308,Ceacam10
2309,Gm9938
2310,A930012O16Rik
2311,Klf1
2312,Cthrc1
2313,Gzmm
2314,Fra10ac1
2315,Fgfr3
2316,Kcnn4
2317,Pnma1
2318,Cklf
2319,Cpa1
2320,9430021M05Rik
2321,Thnsl2
2322,Tmem62
2323,Sh3bp2
2324,Gm4876
2325,Gm9949
2326,Mgmt
2327,D730045B01Rik
2328,Zfp869
2329,Ano9
2330,Srsf12
2331,Ap1s3
2332,Zscan22
2333,Lrrc8c
2334,Msra
2335,Elp6
2336,6330419J24Rik
2337,Tmem158
2338,Atp5s
2339,Wbscr25
2340,Gm9958
2341,Zfp647
2342,Nyap2
2343,Lrtm2
2344,Pdlim1
2345,Anxa13
2346,Arntl
2347,Sugct
2348,Klf2
2349,Zfp78
2350,Fam72a
2351,Rbm3os
2352,Fev
2353,Sertad3
2354,Zfp935
2355,Pgbd1
2356,Gm9967
2357,Snupn
2358,Nap1l5
2359,Apobec4
2360,Kxd1
2361,Cdca7
2362,B4galnt4
2363,Zfp580
2364,Gpc3
2365,Gm5069
2366,Rras2
2367,Gemin6
2368,Izumo4
2369,Tmem150a
2370,Cldn23
2371,A430033K04Rik
2372,Eif3b
2373,St3gal5
2374,Gm9990
2375,Fez2
2376,Nanos3
2377,Pard6g
2378,Synpr
2379,1810011O10Rik
2380,Actr3b
2381,Taar1
2382,AI987944
2383,Lig1
2384,Rab31
2385,Ccdc18
2386,Zfp658
2387,Trnp1
2388,Ppp1r14b
2389,Prelid2
2390,Gm11696
2391,Elmod3
2392,A930024E05Rik
2393,Capg
2394,Nfil3
2395,Hmga2
2396,Gm10010
2397,Gulp1
2398,Immp2l
2399,Sipa1
2400,Tatdn2
2401,Inca1
2402,C030039L03Rik
2403,Prss2
2404,AB124611
2405,Slc44a2
2406,Mettl15
2407,BC051142
2408,St6galnac2
2409,Zfp759
2410,Zfp53
2411,Rit2
2412,E2f6
2413,Bloc1s2
2414,Dtnbp1
2415,Gm15698
2416,Zfp317
2417,Lmcd1
2418,Gnai1
2419,Mex3b
2420,Xlr3a
2421,Zfp595
2422,Zfp105
2423,Gm10033
2424,Zfp809
2425,E030024N20Rik
2426,Adtrp
2427,Palld
2428,Gstm1
2429,T2
2430,Zfp846
2431,Gm10037
2432,Idi1
2433,Serpina9
2434,Espl1
2435,Ube2e2
2436,Zfp85
2437,Hist1h2bg
2438,Gpr182
2439,Zfp420
2440,Syt17
2441,Wdr91
2442,Gm2531
2443,Cela2a
2444,Fcer1g
2445,Lin9
2446,Zfp958
2447,Hist1h1b
2448,Rsl1
2449,Ntrk3
2450,Pde1a
2451,Skap2
2452,Cdyl
2453,Mamld1
2454,Ppp2r5d
2455,Max
2456,B3gnt8
2457,2610301B20Rik
2458,Tcea2
2459,Reg1
2460,Cdh24
2461,Zfp637
2462,Nrm
2463,Dbp
2464,Zfp341
2465,Zfp930
2466,9430015G10Rik
2467,Ntm
2468,Dhps
2469,Alox5ap
2470,Hist1h4a
2471,BC002059
2472,2610008E11Rik
2473,Bckdha
2474,Zfp128
2475,Chst8
2476,Zfp868
2477,Mfap2
2478,Fhit
2479,Eno3
2480,Hist1h4c
2481,Cd302
2482,Bloc1s4
2483,Acyp2
2484,Hist1h4h
2485,Zfp143
2486,Cyp4f39
2487,Blnk
2488,Zfp873
2489,Acvr2b
2490,Tmem151a
2491,Hist1h2ab
2492,Gdpd1
2493,Tmem91
2494,Cyp2d22
2495,Akr1b10
2496,Armc4
2497,Iah1
2498,Zfp119b
2499,Zfp954
2500,Lhfpl5
2501,Fbxw24
2502,Pvrl2
2503,Rpp25
2504,Erbb2
2505,Gm5453
2506,Nsl1
2507,Syt9
2508,Tubb4a
2509,Ncs1
2510,Zfp677
2511,1810041L15Rik
2512,Zfp599
2513,Tcp11
2514,Acadm
2515,Atp11c
2516,2010204K13Rik
2517,Hist1h2ak
2518,Bbs5
2519,Ldha
2520,Ptpla
2521,Tmem117
2522,1190007I07Rik
2523,3300002I08Rik
2524,B9d2
2525,Nmral1
2526,Zfp773
2527,Jazf1
2528,Sox11
2529,Sp3os
2530,Tnfrsf11b
2531,Gm10136
2532,Slc22a8
2533,Cdc42ep5
2534,Ptcd3
2535,Slco1a5
2536,Gm648
2537,Gm10143
2538,Ipcef1
2539,Vrk2
2540,Hcst
2541,Mocs1
2542,BC068157
2543,Zfp69
2544,Hist1h2bh
2545,Ghrl
2546,Tnnt1
2547,4430402I18Rik
2548,Ifi27
2549,Chil1
2550,Zfp428
2551,Cdpf1
2552,Cntn4
2553,Lrrc51
2554,Snord49b
2555,Gm24564
2556,Snora28
2557,DQ267101
2558,Gm22455
2559,Snora7a
2560,Snora41
2561,Gm26457
2562,Gm23301
2563,Gm23303
2564,Gm25930
2565,Snord45b
2566,Snord14a
2567,Gm25475
2568,Gm26456
2569,Snord35b
2570,Gm25206
2571,Gm24355
2572,Terc
2573,Gm24357
2574,Gm22358
2575,Snord118
2576,Gm22573
2577,Gm22574
2578,Gm22571
2579,Gm22043
2580,Snord73a
2581,Gm23297
2582,Vaultrc5
2583,Snora31
2584,Gm25483
2585,Gm24616
2586,Gm23969
2587,Snora30
2588,Gm23455
2589,Mir186
2590,Mir370
2591,Mir129-1
2592,Mir27b
2593,Mir7b
2594,Mir152
2595,Mir132
2596,Mir153
2597,Mir344
2598,Mir181b-2
2599,Mir425
2600,Mir212
2601,Mir23b
2602,Mir7-2
2603,Mir29a
2604,Mir375
2605,Gm22579
2606,Snord7
2607,Snord49a
2608,Gm24494
2609,Gm23849
2610,Gm22353
2611,Gm25630
2612,Rnu2-10
2613,Med18
2614,Gm1976
2615,E230001N04Rik
2616,2510046G10Rik
2617,6030445D17Rik
2618,Rdh11
2619,Gm6969
2620,Ttc32
2621,Zfp575
2622,Zfp772
2623,Ecsit
2624,Usp51
2625,Gm3695
2626,Capn6
2627,Ppp1r3c
2628,B430203G13Rik
2629,B3galt4
2630,Tspan6
2631,Zfp563
2632,Zfp763
2633,Hist1h4j
2634,Hdac8
2635,Pcna-ps2
2636,Ankrd23
2637,Zfp948
2638,Cenpm
2639,Ndufaf2
2640,Lgals1
2641,Gm6723
2642,Efcc1
2643,Ap5s1
2644,1700019G17Rik
2645,Dok1
2646,Aard
2647,Gm10244
2648,Psrc1
2649,Ptprz1
2650,Il3ra
2651,Col28a1
2652,Hist2h2be
2653,Hist2h2ac
2654,Zfp619
2655,A130006I12Rik
2656,Zfp825
2657,Dusp22
2658,Hist1h3a
2659,Hist1h2bf
2660,Hist1h2ac
2661,Hist1h2ae
2662,Hist1h3e
2663,Hist1h2bj
2664,Hist1h2bp
2665,Gm4925
2666,Tspear
2667,4933406P04Rik
2668,Ube2u
2669,Zfp125
2670,Slfn9
2671,Sat2
2672,Pabpn1l
2673,Spdl1
2674,Hba-a2
2675,Hba-a1
2676,Snora33
2677,Gm25822
2678,Gm13268
2679,Scn2b
2680,Mpzl3
2681,4930581F22Rik
2682,Fbxo47
2683,Gpr179
2684,Il18bp
2685,Serpinh1
2686,9230112E08Rik
2687,Mkrn3
2688,Wfdc16
2689,Fv1
2690,Lrrc8b
2691,Rnf186
2692,Sars2
2693,Gm12942
2694,Cited4
2695,Zscan18
2696,Gm1673
2697,Ccnyl1
2698,Ccdc173
2699,Rasgrp3
2700,Gm10311
2701,1700029J07Rik
2702,Smim15
2703,Wfikkn1
2704,Gm6253
2705,Zfp946
2706,Setdb2
2707,Hist1h2ad
2708,Hist1h2ai
2709,Cpa2
2710,A830039N20Rik
2711,Fam189a2
2712,Rom1
2713,1810009A15Rik
2714,Gng3
2715,Zbtb3
2716,Mpst
2717,Csf2rb
2718,Gspt2
2719,Gm6304
2720,6720489N17Rik
2721,Ccnf
2722,Taf1a
2723,Ppp1r3e
2724,Gm10369
2725,Gm6288
2726,Gm10399
2727,Gm6712
2728,Acrbp
2729,2310040G07Rik
2730,Gm10433
2731,N4bp2os
2732,Noxred1
2733,Acot1
2734,Tmsb15l
2735,Gm10447
2736,Adam4
2737,Oip5
2738,Gm15401
2739,Vamp5
2740,Uprt
2741,Gm8098
2742,Gm7173
2743,Drc1
2744,Zfp449
2745,Gm10478
2746,Gm10479
2747,Ccdc160
2748,2500004C02Rik
2749,Gm14636
2750,Gm10490
2751,Nudt10
2752,Nudt11
2753,A330017A19Rik
2754,Lst1
2755,Ly6g6d
2756,Gm10517
2757,Pappa2
2758,Gm7276
2759,Pcdhb22
2760,Gm10549
2761,Tmem88b
2762,Apitd1
2763,Rsg1
2764,Gm10570
2765,Btbd19
2766,Lrp8os2
2767,Efcab7
2768,Cdkn2b
2769,Gm12542
2770,AA474408
2771,Mob3b
2772,Trim68
2773,Rhog
2774,Ggh
2775,Gm10615
2776,Osgin1
2777,Gm10621
2778,4930513N10Rik
2779,Il4i1
2780,Zfp791
2781,Gm10643
2782,2210011C24Rik
2783,Cox7a1
2784,Zfp382
2785,Ap1ar
2786,Zfp109
2787,Peak1
2788,Tnfaip8l3
2789,AA386476
2790,Ccdc61
2791,AI429214
2792,Gm15441
2793,Zfp872
2794,Spc24
2795,Gm10704
2796,Zfp558
2797,C330013J21Rik
2798,Lekr1
2799,Gm10729
2800,4930518I15Rik
2801,3110070M22Rik
2802,6430550D23Rik
2803,Bpifb4
2804,Tspyl3
2805,Gm21994
2806,Thbd
2807,Ankef1
2808,Hspa12b
2809,Gas2l3
2810,Gm10767
2811,2010315B03Rik
2812,Zfp808
2813,AI606181
2814,Spata5l1
2815,Chst14
2816,Pak6
2817,Gm10800
2818,Gm10801
2819,Hist1h2bb
2820,Ccdc58
2821,Cenpw
2822,Carns1
2823,6030408B16Rik
2824,Smim6
2825,Zbtbd6
2826,1700001L05Rik
2827,Gm5464
2828,Gm10863
2829,Gm17151
2830,Gm12359
2831,Gm11529
2832,B130006D01Rik
2833,Txnrd2
2834,Gm22005
2835,Mir704
2836,Mir539
2837,Gm26384
2838,Mir487b
2839,Mir670
2840,Ass1
2841,Igkc
2842,Mir344c
2843,Gm24119
2844,Gm25613
2845,Snord69
2846,Gm23747
2847,Gm26387
2848,Gm23130
2849,Gm23127
2850,Snord65
2851,Snord91a
2852,Snora68
2853,Gm24888
2854,AF357399
2855,Snord72
2856,Snord19
2857,Gm25062
2858,Gm23913
2859,Gm23912
2860,Gm24557
2861,Mir453
2862,Gm23937
2863,Gm23489
2864,Gm22824
2865,Gm25172
2866,Gm6083
2867,Chml
2868,Gm3550
2869,Airn
2870,Krtap17-1
2871,Krtap16-1
2872,AW011738
2873,AU041133
2874,Ppil6
2875,Plekhn1
2876,Gm13152
2877,Aunip
2878,Gm17068
2879,1810010H24Rik
2880,1700028N14Rik
2881,Zfp566
2882,Rad54b
2883,Zfp541
2884,Igtp
2885,Zfp931
2886,Gm14412
2887,Ak6
2888,Arhgap8
2889,Hsbp1l1
2890,Wdr92
2891,Zfp429
2892,Dnmt3bos
2893,D130040H23Rik
2894,Prox1os
2895,4933413L06Rik
2896,Slc8a3
2897,Kcnip3
2898,Gm14085
2899,Prps1l3
2900,Gm6374
2901,C730034F03Rik
2902,Slco1a6
2903,2310009B15Rik
2904,Rab9
2905,Gm11110
2906,Kcnj13
2907,Gm14966
2908,1700101E01Rik
2909,Gm11131
2910,Kifc1
2911,Haus3
2912,Stard6
2913,Ankrd39
2914,Rab26
2915,Tmem243
2916,Gm17396
2917,Fdx1l
2918,Ulbp1
2919,Gm6592
2920,3110001I22Rik
2921,Xlr4a
2922,Gm5915
2923,Snord98
2924,Snord100
2925,Mir1191
2926,Gm22710
2927,Gm22714
2928,Gm22715
2929,Mir1192
2930,Gm25000
2931,Hist3h2bb-ps
2932,Gm5406
2933,Rps2-ps9
2934,Gm15573
2935,Gm14513
2936,Gm13526
2937,Gm13379
2938,Gm2214
2939,Gm15739
2940,Gm9157
2941,Gm13314
2942,Gm12846
2943,Hist2h3c2
2944,Gm11945
2945,Gm12568
2946,Gm12990
2947,Gm11400
2948,Gm14021
2949,Gm13673
2950,Cox20-ps
2951,Gm13142
2952,Rps27-ps1
2953,Gm15483
2954,Gm13689
2955,Gm13428
2956,Gm15560
2957,Gm13940
2958,Gm15467
2959,Gm13351
2960,Gm16181
2961,Gm15697
2962,Gm11460
2963,Gm12216
2964,Gm8152
2965,Gm14335
2966,Gm13590
2967,Rps11-ps2
2968,Gm12276
2969,Dnajb3
2970,Ywhaq-ps2
2971,Gm12993
2972,Gm14276
2973,Gm13641
2974,Nap1l2
2975,Gm13622
2976,Gm15195
2977,Gm11452
2978,Gm12902
2979,Gm13349
2980,Gm13311
2981,Gm11331
2982,Gm14227
2983,Gm14423
2984,Gm13204
2985,Gm13586
2986,Gm12630
2987,Gm14052
2988,Rps15a-ps6
2989,Gm6044
2990,Gm14201
2991,Gm11969
2992,Gm13688
2993,Gm13315
2994,Gm13868
2995,AA414768
2996,Vcp-rs
2997,Gm11449
2998,Gm15198
2999,Gm14281
3000,Gm14863
3001,Gm13312
3002,Zfp133-ps
3003,Rnf138rt1
3004,Gm14202
3005,Ccnb2-ps
3006,Gm7180
3007,Gm12728
3008,Gm13369
3009,Gm13800
3010,Gm13033
3011,Gm15712
3012,2210015D19Rik
3013,Gm13831
3014,Gm12034
3015,Gm14049
3016,Esrp2
3017,Gm15644
3018,Gm11599
3019,Gm13988
3020,Gm15666
3021,Rps15a-ps8
3022,Gm11510
3023,Gm22107
3024,Mir1898
3025,Gm22345
3026,Gm22205
3027,Gm23887
3028,Gm12406
3029,A230072E10Rik
3030,Gm15473
3031,Gm16741
3032,1700056N10Rik
3033,5830444B04Rik
3034,9430091E24Rik
3035,Gm11967
3036,4930565N06Rik
3037,Gm12352
3038,Gm14097
3039,Gm11468
3040,A730011C13Rik
3041,A930006K02Rik
3042,3010001F23Rik
3043,Gm12958
3044,Gm15344
3045,Gm281
3046,Gm16185
3047,Gm17477
3048,1810062O18Rik
3049,Gm16035
3050,Gm15594
3051,Gm5577
3052,B430010I23Rik
3053,Gm11789
3054,Gm16135
3055,Rapgef4os2
3056,Pip5k1bos
3057,Gm11549
3058,Gm11335
3059,Gm5860
3060,2810455O05Rik
3061,Gm11646
3062,Gm12031
3063,Parvaos
3064,Gm15834
3065,Gm16024
3066,Gm13111
3067,Ict1os
3068,1700049E15Rik
3069,Rptoros
3070,4930570G19Rik
3071,1700086P04Rik
3072,Gm13528
3073,Gm16288
3074,A530072M11Rik
3075,Gm2735
3076,Gm11659
3077,Mir22hg
3078,C130046K22Rik
3079,Gm11974
3080,Gm14264
3081,Gm12089
3082,Gm11423
3083,Gm13645
3084,4933439K11Rik
3085,Gm11963
3086,Gm12195
3087,Nr6a1os
3088,Gm15327
3089,Gm11767
3090,Brip1os
3091,Gm13091
3092,BB218582
3093,Gm11672
3094,Gm15893
3095,Gm15234
3096,Med9os
3097,Nell1os
3098,Gm15812
3099,Gm15663
3100,Gm15445
3101,Gm14261
3102,Gm13684
3103,Gm14508
3104,Gm13115
3105,Gm13524
3106,Gm16001
3107,Zfp335os
3108,1700047A11Rik
3109,Sorbs2os
3110,Gm3362
3111,Gm16348
3112,1110046J04Rik
3113,4930527E20Rik
3114,Gm15713
3115,Gm11772
3116,Gm15535
3117,Gm15418
3118,Gm15485
3119,Gm12786
3120,Gm15676
3121,A430078I02Rik
3122,Gm11346
3123,1700016P03Rik
3124,1700123M08Rik
3125,3110056K07Rik
3126,Bloc1s6os
3127,Gm15952
3128,Gm15718
3129,Gm14817
3130,Gm16349
3131,4930469K13Rik
3132,Gm16153
3133,4921531C22Rik
3134,Gm15915
3135,Mettl5os
3136,D630024D03Rik
3137,5430402O13Rik
3138,Gm15640
3139,Lin52
3140,Gm15843
3141,Ube4bos1
3142,Gm15638
3143,Gm15597
3144,Gm14540
3145,Gm12750
3146,Gm12409
3147,2610507I01Rik
3148,Gm14634
3149,Gm15832
3150,Gm12781
3151,Gm12299
3152,Gm13421
3153,Gm15496
3154,Gm12356
3155,4930481B07Rik
3156,A930019D19Rik
3157,Gm13572
3158,9530051G07Rik
3159,1700001G11Rik
3160,B230206L02Rik
3161,Gm7805
3162,4833417C18Rik
3163,1700084C06Rik
3164,Gm15762
3165,Pax6os1
3166,9530046B11Rik
3167,Gm16045
3168,Hnf1aos1
3169,4930439A04Rik
3170,Gm15728
3171,Gm15829
3172,Gm5602
3173,Gm16060
3174,9030622O22Rik
3175,Gm15389
3176,Gm13029
3177,Gm14616
3178,Mkln1os
3179,Rapgef4os3
3180,Gm16170
3181,Tmem150cos
3182,Marcksl1-ps4
3183,Gm15634
3184,Gm15138
3185,Gm15972
3186,G630016G05Rik
3187,2700033N17Rik
3188,1810059C17Rik
3189,Gm12932
3190,4933428C19Rik
3191,A330102I10Rik
3192,Gm13830
3193,Chrna1os
3194,1810019D21Rik
3195,Gm15559
3196,9330198N18Rik
3197,Gm12996
3198,Gm14091
3199,Gm11722
3200,9330162012Rik
3201,Etaa1os
3202,Gm16172
3203,Gm15506
3204,Ift88os
3205,Xist
3206,Chn1os3
3207,Gm13709
3208,9530034E10Rik
3209,Gm13205
3210,Gm12949
3211,4930405A21Rik
3212,Stamos
3213,Gm11592
3214,Gm15247
3215,Gm15747
3216,AI427809
3217,A630052C17Rik
3218,Tspan2os
3219,Gm13261
3220,Gm15751
3221,Gm15351
3222,Gm13562
3223,E130102H24Rik
3224,Gm13657
3225,Gm11739
3226,Gm16618
3227,Gm15681
3228,Gm4577
3229,A230072C01Rik
3230,Gm13594
3231,Phf2os1
3232,Gm15708
3233,Gm15276
3234,Gm16124
3235,Gm16365
3236,Gm15903
3237,4930429F24Rik
3238,Gm11497
3239,4930481A15Rik
3240,Gm15489
3241,Gm15859
3242,Gm16314
3243,Rsf1os2
3244,Gm13544
3245,Gm12981
3246,Gm16364
3247,Gm15979
3248,Gm16283
3249,B230119M05Rik
3250,1700110K17Rik
3251,Eldr
3252,Gm15423
3253,Gm16638
3254,Gm12279
3255,Gm12655
3256,Gm14022
3257,Gm15246
3258,Gm16230
3259,2010001A14Rik
3260,D230022J07Rik
3261,E130307A14Rik
3262,4930412L05Rik
3263,Lrp8os3
3264,Gm15261
3265,Gm16175
3266,Lhx1os
3267,2810408I11Rik
3268,E230016M11Rik
3269,C78197
3270,Gm15461
3271,Gm14486
3272,D330023K18Rik
3273,Gm15409
3274,Gm12120
3275,1810021B22Rik
3276,Gm15627
3277,1700047K16Rik
3278,Gm13187
3279,0610043K17Rik
3280,Junos
3281,Gm15892
3282,AV099323
3283,AA415398
3284,Gm15420
3285,Gm11899
3286,Gm11752
3287,Cers1
3288,Gm14167
3289,Gm5475
3290,Gm14286
3291,5330411J11Rik
3292,Csmd2os
3293,Rap1gapos
3294,4930506C21Rik
3295,Gm15910
3296,2810001G20Rik
3297,Gm12116
3298,Gm16091
3299,AV039307
3300,Gm14246
3301,Gm15764
3302,Gm15869
3303,Gm12976
3304,Ccdc142os
3305,2410004N09Rik
3306,Gm16174
3307,Gm11339
3308,A230005M16Rik
3309,5330434G04Rik
3310,E130018N17Rik
3311,Gm15918
3312,Gm11940
3313,Gm15283
3314,Gm25117
3315,Gm25271
3316,Gm26049
3317,Gm25395
3318,Mir1968
3319,Scarna3b
3320,Gm24507
3321,Gm22098
3322,Mir1955
3323,Scarna13
3324,Gm25772
3325,Gm23119
3326,Snora78
3327,Gm23209
3328,Gm23205
3329,Gm25835
3330,Gm22500
3331,Gm16559
3332,Gm16585
3333,Gm14057
3334,Fcor
3335,Agxt2
3336,B230216N24Rik
3337,Gm16552
3338,Gm14378
3339,3632454L22Rik
3340,Gm16580
3341,Tmsb15b1
3342,Slc25a5-ps
3343,A930011G23Rik
3344,Gm16536
3345,Gm7162
3346,1700023H06Rik
3347,Zfp882
3348,9230117E06Rik
3349,0610040B10Rik
3350,Tbc1d22bos
3351,Gm8113
3352,Gm16006
3353,Gm16555
3354,Gm16147
3355,Gm15717
3356,Gm15680
3357,Gm15809
3358,Pcp4
3359,Gm16315
3360,2810442N19Rik
3361,Prr22
3362,9130221H12Rik
3363,4930523C07Rik
3364,Gm17096
3365,Rps11-ps1
3366,Gm17055
3367,Gm17024
3368,Gm17571
3369,A930033H14Rik
3370,Zfp712
3371,Zfp493
3372,Gm17201
3373,Gm17110
3374,1700092M07Rik
3375,Hspa1b
3376,Pabpc4l
3377,Gm17705
3378,Gm17147
3379,Gm17212
3380,Gm17655
3381,Gm17720
3382,1700030C10Rik
3383,Gm17105
3384,Gm5141
3385,Gm17334
3386,Fth-ps2
3387,1700112D23Rik
3388,Hist2h4
3389,Gm17509
3390,Gm10269
3391,Gm16432
3392,Gm17484
3393,AU040972
3394,Gm17195
3395,Gm6548
3396,Gm9581
3397,Cyp4f17
3398,Gm17191
3399,Gm17022
3400,Gm4707
3401,Tnnc1
3402,AK010878
3403,Gm17709
3404,C2cd4b
3405,Hspa1a
3406,Gm10320
3407,B930094E09Rik
3408,Gm3912
3409,Gm20407
3410,Gm20470
3411,Dyx1c1
3412,1110038B12Rik
3413,Gm7221
3414,Gm20548
3415,Gm4189
3416,Gm20541
3417,Gm20518
3418,Gm20531
3419,Gm20400
3420,Gm8738
3421,Gm20492
3422,Scnm1
3423,Gm20404
3424,Snord55
3425,Gm22923
3426,Gm22860
3427,Gm22859
3428,Snora24
3429,Mir3074-1
3430,Gm25025
3431,Gm27626
3432,Gm22690
3433,Gm26461
3434,Gm23637
3435,Gm23639
3436,Mir3091
3437,Rpph1
3438,Gm25960
3439,Gm22121
3440,Gm23810
3441,Gm24560
3442,Mir5128
3443,Mir5125
3444,Gm23632
3445,Gm26141
3446,Gm24366
3447,Gm22990
3448,Snord87
3449,Mir344-2
3450,Gm25252
3451,Gm27903
3452,Gm25749
3453,Gm25297
3454,Gm24106
3455,Mir677
3456,Gm26237
3457,Gm26238
3458,Mir5136
3459,Gm22119
3460,Gm22802
3461,Gm25190
3462,5730480H06Rik
3463,Gm20645
3464,AA465934
3465,Gm23368
3466,Gm20627
3467,Gm20633
3468,Rab26os
3469,Gm20036
3470,Gm20707
3471,Mir5620
3472,Pou5f2
3473,Gm20681
3474,Gm25082
3475,Gm20692
3476,Gm20678
3477,Gm19967
3478,Gm379
3479,Gm23864
3480,Gm1604A
3481,Gm23992
3482,Gm23968
3483,Ccdc42b
3484,Snord16a
3485,9430069I07Rik
3486,Gm5294
3487,Gm22392
3488,Gm25872
3489,Gm25873
3490,Gm25360
3491,Gm22007
3492,A830019P07Rik
3493,Hist1h2ap
3494,Gm25472
3495,Gm4791
3496,Gm3604
3497,Mir3070b
3498,Gm3336
3499,Gm25328
3500,Edaradd
3501,Mir344i
3502,Wdr49
3503,Gm25233
3504,Gm21738
3505,Gm12573
3506,Gm10130
3507,Zfp870
3508,Gm9821
3509,Gm21984
3510,Gm25618
3511,Gm10719
3512,Gm21960
3513,Gm23136
3514,Gm10717
3515,Gm10845
3516,Gm21060
3517,Hist4h4
3518,9930004E17Rik
3519,Gm24265
3520,Gm21814
3521,Gm11168
3522,Zfp433
3523,Zfp850
3524,2500002B13Rik
3525,5033403F01Rik
3526,Gm26721
3527,Gm26572
3528,Gdap10
3529,Snhg18
3530,E230013L22Rik
3531,Gm6345
3532,Gm26621
3533,Gm26620
3534,4930556M19Rik
3535,Gm26881
3536,Gm16386
3537,Gm26789
3538,2810029C07Rik
3539,Gm26792
3540,Gm17435
3541,D930007P13Rik
3542,Gm26860
3543,Gm4651
3544,BC001981
3545,Gm26786
3546,Gm17491
3547,Gm26641
3548,1110020A21Rik
3549,Gm4262
3550,Gm17586
3551,Gm26760
3552,Gm16712
3553,Gm26724
3554,C330013E15Rik
3555,1810034E14Rik
3556,Gm26726
3557,Gm19705
3558,Gm26887
3559,D230017M19Rik
3560,Gm26779
3561,Gm17608
3562,9230114K14Rik
3563,Gm26513
3564,BC051077
3565,Cep83os
3566,Gm26664
3567,Snhg5
3568,9330159N05Rik
3569,6030443J06Rik
3570,Gm26698
3571,Gm26745
3572,Gm26549
3573,Gm26518
3574,Gm26771
3575,C430042M11Rik
3576,4930532G15Rik
3577,1700109K24Rik
3578,Gm9903
3579,4930525G20Rik
3580,4930480K23Rik
3581,Gm26683
3582,Gm26684
3583,Gm2155
3584,Gm26532
3585,3110083C13Rik
3586,Gm17249
3587,A930038B10Rik
3588,Gm26870
3589,1700007L15Rik
3590,1700028E10Rik
3591,Gm16897
3592,Zfp87
3593,2700012I20Rik
3594,Gm26606
3595,9030407P20Rik
3596,AA543186
3597,9430065F17Rik
3598,Gm26876
3599,6720427I07Rik
3600,Gm26873
3601,Gm26816
3602,Gm26814
3603,1810014B01Rik
3604,Gm26520
3605,Gm17529
3606,Gm10489
3607,Gm26631
3608,Gm26734
3609,Gm26737
3610,Gm26586
3611,Gm26584
3612,Gm17634
3613,Gm17733
3614,Gm26808
3615,4933406C10Rik
3616,Gm26652
3617,3110045C21Rik
3618,4930516B21Rik
3619,1700040D17Rik
3620,Gm26843
3621,1700022N22Rik
3622,Gm16675
3623,2610037D02Rik
3624,2610020C07Rik
3625,C130060C02Rik
3626,Gm26638
3627,A930024N18Rik
3628,Gm26637
3629,Gm26797
3630,C920006O11Rik
3631,6230400D17Rik
3632,6430590A07Rik
3633,Gm26529
3634,Gm17388
3635,2510016G02Rik
3636,Gm26660
3637,1110019D14Rik
3638,5830416P10Rik
3639,Gm20033
3640,Gm16755
3641,Gm26765
3642,A330094K24Rik
3643,Gm26764
3644,Gm26609
3645,Gm26608
3646,Gm26610
3647,Gm26647
3648,4930471D02Rik
3649,4930505N22Rik
3650,A230060F14Rik
3651,Gm26905
3652,5430400D12Rik
3653,Gm20109
3654,Gm26841
3655,Gm16973
3656,Gm26534
3657,Gm16938
3658,Gm4673
3659,2010110K18Rik
3660,5730420D15Rik
3661,Miat
3662,2310043M15Rik
3663,Snhg4
3664,Gm10614
3665,B230217O12Rik
3666,Gm2115
3667,Gm27042
3668,Gm26812
3669,Panct2
3670,E530011L22Rik
3671,Gm26910
3672,Gm26909
3673,9330104G04Rik
3674,Gm807
3675,4933405D12Rik
3676,Gm26603
3677,Gm26859
3678,1010001B22Rik
3679,A330069E16Rik
3680,Gm26704
3681,Gm26542
3682,4930547M16Rik
3683,Gm16894
3684,A730020E08Rik
3685,C330002G04Rik
3686,A130014A01Rik
3687,Gm26952
3688,Gm26982
3689,Gm9522
3690,Gm27003
3691,Gm26981
3692,Gm5345
3693,Gm26945
3694,Gm7909
3695,Gm26916
3696,2700099C18Rik
3697,Rnf113a2
3698,Gm26935
3699,Gm5493
3700,Gm27010
3701,B830012L14Rik
3702,Gm27030
3703,Gm28040
3704,1190002F15Rik
3705,Mir7069
3706,Gm27849
3707,Mir3473f
3708,Hm629797
3709,Gm7467
3710,Gm27690
3711,Gm27217
3712,Mir7036
3713,4930524O08Rik
3714,Gm27675
3715,Mir7052
3716,Mir7k
3717,1500015A07Rik
3718,Mir7067
3719,7630403G23Rik
3720,Mir7024
3721,Mir381
3722,Gm27392
3723,Gm27206
3724,Mir8102
3725,Gm27845
3726,Gm27596
3727,Mir7068
3728,Gm19569
3729,Gm27899
3730,Gm27168
3731,Rnu3b3
3732,Gm19427
3733,Hist1h3d
3734,CH36-246D16.4
3735,Hist1h3i
3736,K230010J24Rik
